restaurant_name,review_text,rating
The Corner Bistro,Wow... Loved this place.,5
Maple & Vine,Crust is not good.,1
Riverside Grill,Not tasty and the texture was just nasty.,1
Oak & Ember,Stopped by during the late May bank holiday off Rick Steve recommendation and loved it.,5
Harbor House,The selection on the menu was great and so were the prices.,5
Blue Willow,Now I am getting angry and I want my damn pho.,1
Cedar & Salt,Honeslty it didn't taste THAT fresh.),1
The Garden Fork,The potatoes were like rubber and you could tell they had been made up ahead of time being kept under a warmer.,1
Iron Skillet,The fries were great too.,5
Sunset Terrace,A great touch.,5
The Corner Bistro,Service was very prompt.,5
Maple & Vine,Would not go back.,1
Riverside Grill,The cashier had no care what so ever on what I had to say it still ended up being wayyy overpriced.,1
Oak & Ember,"I tried the Cape Cod ravoli, chicken, with cranberry...mmmm!",5
Harbor House,I was disgusted because I was pretty sure that was human hair.,1
Blue Willow,I was shocked because no signs indicate cash only.,1
Cedar & Salt,Highly recommended.,5
The Garden Fork,Waitress was a little slow in service.,1
Iron Skillet,"This place is not worth your time, let alone Vegas.",1
Sunset Terrace,did not like at all.,1
The Corner Bistro,The Burrittos Blah!,1
Maple & Vine,"The food, amazing.",5
Riverside Grill,Service is also cute.,5
Oak & Ember,I could care less... The interior is just beautiful.,5
Harbor House,So they performed.,5
Blue Willow,That's right....the red velvet cake.....ohhh this stuff is so good.,5
Cedar & Salt,- They never brought a salad we asked for.,1
The Garden Fork,"This hole in the wall has great Mexican street tacos, and friendly staff.",5
Iron Skillet,"Took an hour to get our food only 4 tables in restaurant my food was Luke warm, Our sever was running around like he was totally overwhelmed.",1
Sunset Terrace,The worst was the salmon sashimi.,1
The Corner Bistro,"Also there are combos like a burger, fries, and beer for 23 which is a decent deal.",5
Maple & Vine,This was like the final blow!,1
Riverside Grill,I found this place by accident and I could not be happier.,5
Oak & Ember,"seems like a good quick place to grab a bite of some familiar pub food, but do yourself a favor and look elsewhere.",1
Harbor House,"Overall, I like this place a lot.",5
Blue Willow,The only redeeming quality of the restaurant was that it was very inexpensive.,5
Cedar & Salt,Ample portions and good prices.,5
The Garden Fork,"Poor service, the waiter made me feel like I was stupid every time he came to the table.",1
Iron Skillet,My first visit to Hiro was a delight!,5
Sunset Terrace,Service sucks.,1
The Corner Bistro,The shrimp tender and moist.,5
Maple & Vine,There is not a deal good enough that would drag me into that establishment again.,1
Riverside Grill,Hard to judge whether these sides were good because we were grossed out by the melted styrofoam and didn't want to eat it for fear of getting sick.,1
Oak & Ember,"On a positive note, our server was very attentive and provided great service.",5
Harbor House,"Frozen pucks of disgust, with some of the worst people behind the register.",1
Blue Willow,The only thing I did like was the prime rib and dessert section.,5
Cedar & Salt,It's too bad the food is so damn generic.,1
The Garden Fork,"The burger is good beef, cooked just right.",5
Iron Skillet,If you want a sandwich just go to any Firehouse!!!!!,5
Sunset Terrace,"My side Greek salad with the Greek dressing was so tasty, and the pita and hummus was very refreshing.",5
The Corner Bistro,We ordered the duck rare and it was pink and tender on the inside with a nice char on the outside.,5
Maple & Vine,He came running after us when he realized my husband had left his sunglasses on the table.,5
Riverside Grill,Their chow mein is so good!,5
Oak & Ember,"They have horrible attitudes towards customers, and talk down to each one when customers don't enjoy their food.",1
Harbor House,The portion was huge!,5
Blue Willow,"Loved it...friendly servers, great food, wonderful and imaginative menu.",5
Cedar & Salt,The Heart Attack Grill in downtown Vegas is an absolutely flat-lined excuse for a restaurant.,1
The Garden Fork,Not much seafood and like 5 strings of pasta at the bottom.,1
Iron Skillet,"The salad had just the right amount of sauce to not over power the scallop, which was perfectly cooked.",5
Sunset Terrace,"The ripped banana was not only ripped, but petrified and tasteless.",1
The Corner Bistro,At least think to refill my water before I struggle to wave you over for 10 minutes.,1
Maple & Vine,This place receives stars for their APPETIZERS!!!,5
Riverside Grill,The cocktails are all handmade and delicious.,5
Oak & Ember,We'd definitely go back here again.,5
Harbor House,We are so glad we found this place.,5
Blue Willow,"Great food and service, huge portions and they give a military discount.",5
Cedar & Salt,Always a great time at Dos Gringos!,5
The Garden Fork,Update.....went back for a second time and it was still just as amazing,5
Iron Skillet,We got the food and apparently they have never heard of salt and the batter on the fish was chewy.,1
Sunset Terrace,A great way to finish a great.,5
The Corner Bistro,"The deal included 5 tastings and 2 drinks, and Jeff went above and beyond what we expected.",5
Maple & Vine,"- Really, really good rice, all the time.",5
Riverside Grill,The service was meh.,1
Oak & Ember,"It took over 30 min to get their milkshake, which was nothing more than chocolate milk.",1
Harbor House,"I guess I should have known that this place would suck, because it is inside of the Excalibur, but I didn't use my common sense.",1
Blue Willow,The scallop dish is quite appalling for value as well.,1
Cedar & Salt,2 times - Very Bad Customer Service !,1
The Garden Fork,The sweet potato fries were very good and seasoned well.,5
Iron Skillet,Today is the second time I've been to their lunch buffet and it was pretty good.,5
Sunset Terrace,There is so much good food in Vegas that I feel cheated for wasting an eating opportunity by going to Rice and Company.,1
The Corner Bistro,Coming here is like experiencing an underwhelming relationship where both parties can't wait for the other person to ask to break up.,1
Maple & Vine,walked in and the place smelled like an old grease trap and only 2 others there eating.,1
Riverside Grill,The turkey and roast beef were bland.,1
Oak & Ember,This place has it!,5
Harbor House,The pan cakes everyone are raving about taste like a sugary disaster tailored to the palate of a six year old.,1
Blue Willow,I love the Pho and the spring rolls oh so yummy you have to try.,5
Cedar & Salt,The poor batter to meat ratio made the chicken tenders very unsatisfying.,1
The Garden Fork,All I have to say is the food was amazing!!!,5
Iron Skillet,Omelets are to die for!,5
Sunset Terrace,Everything was fresh and delicious!,5
The Corner Bistro,"In summary, this was a largely disappointing dining experience.",1
Maple & Vine,"It's like a really sexy party in your mouth, where you're outrageously flirting with the hottest person at the party.",5
Riverside Grill,"Never been to Hard Rock Casino before, WILL NEVER EVER STEP FORWARD IN IT AGAIN!",1
Oak & Ember,Best breakfast buffet!!!,5
Harbor House,say bye bye to your tip lady!,1
Blue Willow,We'll never go again.,1
Cedar & Salt,Will be back again!,5
The Garden Fork,Food arrived quickly!,5
Iron Skillet,It was not good.,1
Sunset Terrace,"On the up side, their cafe serves really good food.",5
The Corner Bistro,"Our server was fantastic and when he found out the wife loves roasted garlic and bone marrow, he added extra to our meal and another marrow to go!",5
Maple & Vine,"The only good thing was our waiter, he was very helpful and kept the bloddy mary's coming.",5
Riverside Grill,"Best Buffet in town, for the price you cannot beat it.",5
Oak & Ember,"I LOVED their mussels cooked in this wine reduction, the duck was tender, and their potato dishes were delicious.",5
Harbor House,This is one of the better buffets that I have been to.,5
Blue Willow,So we went to Tigerlilly and had a fantastic afternoon!,5
Cedar & Salt,"The food was delicious, our bartender was attentive and personable AND we got a great deal!",5
The Garden Fork,The ambience is wonderful and there is music playing.,5
Iron Skillet,Will go back next trip out.,5
Sunset Terrace,Sooooo good!!,5
The Corner Bistro,"REAL sushi lovers, let's be honest - Yama is not that good.",1
Maple & Vine,"At least 40min passed in between us ordering and the food arriving, and it wasn't that busy.",1
Riverside Grill,This is a really fantastic Thai restaurant which is definitely worth a visit.,5
Oak & Ember,"Nice, spicy and tender.",5
Harbor House,Good prices.,5
Blue Willow,Check it out.,5
Cedar & Salt,It was pretty gross!,1
The Garden Fork,I've had better atmosphere.,1
Iron Skillet,Kind of hard to mess up a steak but they did.,1
Sunset Terrace,"Although I very much liked the look and sound of this place, the actual experience was a bit disappointing.",1
The Corner Bistro,I just don't know how this place managed to served the blandest food I have ever eaten when they are preparing Indian cuisine.,1
Maple & Vine,"Worst service to boot, but that is the least of their worries.",1
Riverside Grill,Service was fine and the waitress was friendly.,5
Oak & Ember,"The guys all had steaks, and our steak loving son who has had steak at the best and worst places said it was the best steak he's ever eaten.",5
Harbor House,"We thought you'd have to venture further away to get good sushi, but this place really hit the spot that night.",5
Blue Willow,"Host staff were, for lack of a better word, BITCHES!",1
Cedar & Salt,Bland... Not a liking this place for a number of reasons and I don't want to waste time on bad reviewing.. I'll leave it at that...,1
The Garden Fork,"Phenomenal food, service and ambiance.",5
Iron Skillet,I wouldn't return.,1
Sunset Terrace,"Definitely worth venturing off the strip for the pork belly, will return next time I'm in Vegas.",5
The Corner Bistro,This place is way too overpriced for mediocre food.,1
Maple & Vine,Penne vodka excellent!,5
Riverside Grill,"They have a good selection of food including a massive meatloaf sandwich, a crispy chicken wrap, a delish tuna melt and some tasty burgers.",5
Oak & Ember,The management is rude.,1
Harbor House,"Delicious NYC bagels, good selections of cream cheese, real Lox with capers even.",5
Blue Willow,"Great Subway, in fact it's so good when you come here every other Subway will not meet your expectations.",5
Cedar & Salt,I had a seriously solid breakfast here.,5
The Garden Fork,This is one of the best bars with food in Vegas.,5
Iron Skillet,"He was extremely rude and really, there are so many other restaurants I would love to dine at during a weekend in Vegas.",1
Sunset Terrace,My drink was never empty and he made some really great menu suggestions.,5
The Corner Bistro,Don't do it!!!!,1
Maple & Vine,The waiter wasn't helpful or friendly and rarely checked on us.,1
Riverside Grill,My husband and I ate lunch here and were very disappointed with the food and service.,1
Oak & Ember,And the red curry had so much bamboo shoots and wasn't very tasty to me.,1
Harbor House,Nice blanket of moz over top but i feel like this was done to cover up the subpar food.,5
Blue Willow,The bathrooms are clean and the place itself is well decorated.,5
Cedar & Salt,"The menu is always changing, food quality is going down & service is extremely slow.",1
The Garden Fork,"The service was a little slow , considering that were served by 3 people servers so the food was coming in a slow pace.",1
Iron Skillet,I give it 2 thumbs down,1
Sunset Terrace,We watched our waiter pay a lot more attention to other tables and ignore us.,1
The Corner Bistro,My fiancé and I came in the middle of the day and we were greeted and seated right away.,5
Maple & Vine,This is a great restaurant at the Mandalay Bay.,5
Riverside Grill,We waited for forty five minutes in vain.,1
Oak & Ember,Crostini that came with the salad was stale.,1
Harbor House,Some highlights : Great quality nigiri here!,5
Blue Willow,the staff is friendly and the joint is always clean.,5
Cedar & Salt,this was a different cut than the piece the other day but still wonderful and tender s well as well flavored.,5
The Garden Fork,I ordered the Voodoo pasta and it was the first time I'd had really excellent pasta since going gluten free several years ago.,5
Iron Skillet,this place is good.,5
Sunset Terrace,"Unfortunately, we must have hit the bakery on leftover day because everything we ordered was STALE.",1
The Corner Bistro,I came back today since they relocated and still not impressed.,1
Maple & Vine,I was seated immediately.,5
Riverside Grill,"Their menu is diverse, and reasonably priced.",5
Oak & Ember,Avoid at all cost!,1
Harbor House,Restaurant is always full but never a wait.,5
Blue Willow,DELICIOUS!!,5
Cedar & Salt,This place is hands-down one of the best places to eat in the Phoenix metro area.,5
The Garden Fork,So don't go there if you are looking for good food...,1
Iron Skillet,I've never been treated so bad.,1
Sunset Terrace,Bacon is hella salty.,5
The Corner Bistro,"We also ordered the spinach and avocado salad, the ingredients were sad and the dressing literally had zero taste.",1
Maple & Vine,"This really is how Vegas fine dining used to be, right down to the menus handed to the ladies that have no prices listed.",5
Riverside Grill,The waitresses are very friendly.,5
Oak & Ember,"Lordy, the Khao Soi is a dish that is not to be missed for curry lovers!",5
Harbor House,Everything on the menu is terrific and we were also thrilled that they made amazing accommodations for our vegetarian daughter.,5
Blue Willow,"Perhaps I caught them on an off night judging by the other reviews, but I'm not inspired to go back.",1
Cedar & Salt,The service here leaves a lot to be desired.,1
The Garden Fork,"The atmosphere is modern and hip, while maintaining a touch of coziness.",5
Iron Skillet,"Not a weekly haunt, but definitely a place to come back to every once in a while.",5
Sunset Terrace,We literally sat there for 20 minutes with no one asking to take our order.,1
The Corner Bistro,"The burger had absolutely no flavor - the meat itself was totally bland, the burger was overcooked and there was no charcoal flavor.",1
Maple & Vine,I also decided not to send it back because our waitress looked like she was on the verge of having a heart attack.,1
Riverside Grill,I dressed up to be treated so rudely!,1
Oak & Ember,It was probably dirt.,1
Harbor House,"Love this place, hits the spot when I want something healthy but not lacking in quantity or flavor.",5
Blue Willow,I ordered the Lemon raspberry ice cocktail which was also incredible.,5
Cedar & Salt,"The food sucked, which we expected but it sucked more than we could have imagined.",1
The Garden Fork,Interesting decor.,5
Iron Skillet,What I really like there is the crepe station.,5
Sunset Terrace,"Also were served hot bread and butter, and home made potato chips with bacon bits on top....very original and very good.",5
The Corner Bistro,you can watch them preparing the delicious food!),5
Maple & Vine,Both of the egg rolls were fantastic.,5
Riverside Grill,"When my order arrived, one of the gyros was missing.",1
Oak & Ember,"I had a salad with the wings, and some ice cream for dessert and left feeling quite satisfied.",5
Harbor House,I'm not really sure how Joey's was voted best hot dog in the Valley by readers of Phoenix Magazine.,1
Blue Willow,The best place to go for a tasty bowl of Pho!,5
Cedar & Salt,The live music on Fridays totally blows.,1
The Garden Fork,I've never been more insulted or felt disrespected.,1
Iron Skillet,Very friendly staff.,5
Sunset Terrace,It is worth the drive.,5
The Corner Bistro,"I had heard good things about this place, but it exceeding every hope I could have dreamed of.",5
Maple & Vine,Food was great and so was the serivce!,5
Riverside Grill,The warm beer didn't help.,1
Oak & Ember,Great brunch spot.,5
Harbor House,Service is friendly and inviting.,5
Blue Willow,Very good lunch spot.,5
Cedar & Salt,I've lived here since 1979 and this was the first (and last) time I've stepped foot into this place.,1
The Garden Fork,The WORST EXPERIENCE EVER.,1
Iron Skillet,Must have been an off night at this place.,1
Sunset Terrace,"The sides are delish - mixed mushrooms, yukon gold puree, white corn - beateous.",5
The Corner Bistro,"If that bug never showed up I would have given a 4 for sure, but on the other side of the wall where this bug was climbing was the kitchen.",1
Maple & Vine,"For about 10 minutes, we we're waiting for her salad when we realized that it wasn't coming any time soon.",1
Riverside Grill,My friend loved the salmon tartar.,5
Oak & Ember,Won't go back.,1
Harbor House,Extremely Tasty!,5
Blue Willow,Waitress was good though!,5
Cedar & Salt,Soggy and not good.,1
The Garden Fork,The Jamaican mojitos are delicious.,5
Iron Skillet,Which are small and not worth the price.,1
Sunset Terrace,- the food is rich so order accordingly.,5
The Corner Bistro,"The shower area is outside so you can only rinse, not take a full shower, unless you don't mind being nude for everyone to see!",1
Maple & Vine,The service was a bit lacking.,1
Riverside Grill,"Lobster Bisque, Bussell Sprouts, Risotto, Filet ALL needed salt and pepper..and of course there is none at the tables.",1
Oak & Ember,Hopefully this bodes for them going out of business and someone who can cook can come in.,1
Harbor House,"It was either too cold, not enough flavor or just bad.",1
Blue Willow,I loved the bacon wrapped dates.,5
Cedar & Salt,This is an unbelievable BARGAIN!,5
The Garden Fork,The folks at Otto always make us feel so welcome and special.,5
Iron Skillet,"As for the ""mains,"" also uninspired.",1
Sunset Terrace,This is the place where I first had pho and it was amazing!!,5
The Corner Bistro,This wonderful experience made this place a must-stop whenever we are in town again.,5
Maple & Vine,"If the food isn't bad enough for you, then enjoy dealing with the world's worst/annoying drunk people.",1
Riverside Grill,Very very fun chef.,5
Oak & Ember,"Ordered a double cheeseburger & got a single patty that was falling apart (picture uploaded) Yeah, still sucks.",1
Harbor House,Great place to have a couple drinks and watch any and all sporting events as the walls are covered with TV's.,5
Blue Willow,"If it were possible to give them zero stars, they'd have it.",1
Cedar & Salt,"The descriptions said ""yum yum sauce"" and another said ""eel sauce"", yet another said ""spicy mayo""...well NONE of the rolls had sauces on them.",1
The Garden Fork,"I'd say that would be the hardest decision... Honestly, all of M's dishes taste how they are supposed to taste (amazing).",5
Iron Skillet,If she had not rolled the eyes we may have stayed... Not sure if we will go back and try it again.,1
Sunset Terrace,"Everyone is very attentive, providing excellent customer service.",5
The Corner Bistro,Horrible - don't waste your time and money.,1
Maple & Vine,Now this dish was quite flavourful.,5
Riverside Grill,By this time our side of the restaurant was almost empty so there was no excuse.,1
Oak & Ember,"(It wasn't busy either) Also, the building was FREEZING cold.",1
Harbor House,"like the other reviewer said ""you couldn't pay me to eat at this place again.""",1
Blue Willow,-Drinks took close to 30 minutes to come out at one point.,1
Cedar & Salt,"Seriously flavorful delights, folks.",5
The Garden Fork,Much better than the other AYCE sushi place I went to in Vegas.,5
Iron Skillet,The lighting is just dark enough to set the mood.,5
Sunset Terrace,Based on the sub-par service I received and no effort to show their gratitude for my business I won't be going back.,1
The Corner Bistro,Owner's are really great people.!,5
Maple & Vine,There is nothing privileged about working/eating there.,1
Riverside Grill,The Greek dressing was very creamy and flavorful.,5
Oak & Ember,"Overall, I don't think that I would take my parents to this place again because they made most of the similar complaints that I silently felt too.",1
Harbor House,Now the pizza itself was good the peanut sauce was very tasty.,5
Blue Willow,We had 7 at our table and the service was pretty fast.,5
Cedar & Salt,Fantastic service here.,5
The Garden Fork,I as well would've given godfathers zero stars if possible.,1
Iron Skillet,They know how to make them here.,5
Sunset Terrace,very tough and very short on flavor!,1
The Corner Bistro,I hope this place sticks around.,5
Maple & Vine,"I have been in more than a few bars in Vegas, and do not ever recall being charged for tap water.",1
Riverside Grill,The restaurant atmosphere was exquisite.,5
Oak & Ember,"Good service, very clean, and inexpensive, to boot!",5
Harbor House,The seafood was fresh and generous in portion.,5
Blue Willow,"Plus, it's only 8 bucks.",5
Cedar & Salt,"The service was not up to par, either.",1
The Garden Fork,"Thus far, have only visited twice and the food was absolutely delicious each time.",5
Iron Skillet,Just as good as when I had it more than a year ago!,5
Sunset Terrace,"For a self proclaimed coffee cafe, I was wildly disappointed.",1
The Corner Bistro,The Veggitarian platter is out of this world!,5
Maple & Vine,You cant go wrong with any of the food here.,5
Riverside Grill,You can't beat that.,5
Oak & Ember,"Stopped by this place while in Madison for the Ironman, very friendly, kind staff.",5
Harbor House,The chefs were friendly and did a good job.,5
Blue Willow,"I've had better, not only from dedicated boba tea spots, but even from Jenni Pho.",1
Cedar & Salt,I liked the patio and the service was outstanding.,5
The Garden Fork,The goat taco didn't skimp on the meat and wow what FLAVOR!,5
Iron Skillet,I think not again,1
Sunset Terrace,I had the mac salad and it was pretty bland so I will not be getting that again.,1
The Corner Bistro,I went to Bachi Burger on a friend's recommendation and was not disappointed.,5
Maple & Vine,Service stinks here!,1
Riverside Grill,I waited and waited.,1
Oak & Ember,"This place is not quality sushi, it is not a quality restaurant.",1
Harbor House,I would definitely recommend the wings as well as the pizza.,5
Blue Willow,Great Pizza and Salads!,5
Cedar & Salt,Things that went wrong: - They burned the saganaki.,1
The Garden Fork,We waited an hour for what was a breakfast I could have done 100 times better at home.,1
Iron Skillet,This place is amazing!,5
Sunset Terrace,"I hate to disagree with my fellow Yelpers, but my husband and I were so disappointed with this place.",1
The Corner Bistro,Waited 2 hours & never got either of our pizzas as many other around us who came in later did!,1
Maple & Vine,Just don't know why they were so slow.,1
Riverside Grill,"The staff is great, the food is delish, and they have an incredible beer selection.",5
Oak & Ember,"I live in the neighborhood so I am disappointed I won't be back here, because it is a convenient location.",1
Harbor House,I didn't know pulled pork could be soooo delicious.,5
Blue Willow,"You get incredibly fresh fish, prepared with care.",5
Cedar & Salt,Before I go in to why I gave a 1 star rating please know that this was my third time eating at Bachi burger before writing a review.,1
The Garden Fork,I love the fact that everything on their menu is worth it.,5
Iron Skillet,Never again will I be dining at this place!,1
Sunset Terrace,The food was excellent and service was very good.,5
The Corner Bistro,Good beer & drink selection and good food selection.,5
Maple & Vine,Please stay away from the shrimp stir fried noodles.,1
Riverside Grill,The potato chip order was sad... I could probably count how many chips were in that box and it was probably around 12.,1
Oak & Ember,Food was really boring.,1
Harbor House,Good Service-check!,5
Blue Willow,This greedy corporation will NEVER see another dime from me!,1
Cedar & Salt,"Will never, ever go back.",1
The Garden Fork,"As much as I'd like to go back, I can't get passed the atrocious service and will never return.",1
Iron Skillet,"In the summer, you can dine in a charming outdoor patio - so very delightful.",5
Sunset Terrace,I did not expect this to be so good!,5
The Corner Bistro,Fantastic food!,5
Maple & Vine,She ordered a toasted English muffin that came out untoasted.,1
Riverside Grill,The food was very good.,5
Oak & Ember,Never going back.,1
Harbor House,"Great food for the price, which is very high quality and house made.",5
Blue Willow,The bus boy on the other hand was so rude.,1
Cedar & Salt,"By this point, my friends and I had basically figured out this place was a joke and didn't mind making it publicly and loudly known.",1
The Garden Fork,"Back to good BBQ, lighter fare, reasonable pricing and tell the public they are back to the old ways.",5
Iron Skillet,"And considering the two of us left there very full and happy for about $20, you just can't go wrong.",5
Sunset Terrace,All the bread is made in-house!,5
The Corner Bistro,The only downside is the service.,1
Maple & Vine,"Also, the fries are without a doubt the worst fries I've ever had.",1
Riverside Grill,Service was exceptional and food was a good as all the reviews.,5
Oak & Ember,"A couple of months later, I returned and had an amazing meal.",5
Harbor House,Favorite place in town for shawarrrrrrma!!!!!!,5
Blue Willow,The black eyed peas and sweet potatoes... UNREAL!,5
Cedar & Salt,You won't be disappointed.,5
The Garden Fork,"They could serve it with just the vinaigrette and it may make for a better overall dish, but it was still very good.",5
Iron Skillet,"I go to far too many places and I've never seen any restaurant that serves a 1 egg breakfast, especially for $4.00.",1
Sunset Terrace,When my mom and I got home she immediately got sick and she only had a few bites of salad.,1
The Corner Bistro,The servers are not pleasant to deal with and they don't always honor Pizza Hut coupons.,1
Maple & Vine,"Both of them were truly unbelievably good, and I am so glad we went back.",5
Riverside Grill,"We had fantastic service, and were pleased by the atmosphere.",5
Oak & Ember,Everything was gross.,1
Harbor House,I love this place.,5
Blue Willow,Great service and food.,5
Cedar & Salt,First - the bathrooms at this location were dirty- Seat covers were not replenished & just plain yucky!!!,1
The Garden Fork,"The burger... I got the ""Gold Standard"" a $17 burger and was kind of disappointed.",1
Iron Skillet,"OMG, the food was delicioso!",5
Sunset Terrace,There is nothing authentic about this place.,1
The Corner Bistro,the spaghetti is nothing special whatsoever.,1
Maple & Vine,"Of all the dishes, the salmon was the best, but all were great.",5
Riverside Grill,The vegetables are so fresh and the sauce feels like authentic Thai.,5
Oak & Ember,It's worth driving up from Tucson!,5
Harbor House,The selection was probably the worst I've seen in Vegas.....there was none.,1
Blue Willow,Pretty good beer selection too.,5
Cedar & Salt,"This place is like Chipotle, but BETTER.",5
The Garden Fork,"Classy/warm atmosphere, fun and fresh appetizers, succulent steaks (Baseball steak!!!!!",5
Iron Skillet,5 stars for the brick oven bread app!,5
Sunset Terrace,"I have eaten here multiple times, and each time the food was delicious.",5
The Corner Bistro,We sat another ten minutes and finally gave up and left.,1
Maple & Vine,He was terrible!,1
Riverside Grill,Everyone is treated equally special.,5
Oak & Ember,It shouldn't take 30 min for pancakes and eggs.,1
Harbor House,It was delicious!!!,5
Blue Willow,"On the good side, the staff was genuinely pleasant and enthusiastic - a real treat.",5
Cedar & Salt,"Sadly, Gordon Ramsey's Steak is a place we shall sharply avoid during our next trip to Vegas.",1
The Garden Fork,As always the evening was wonderful and the food delicious!,5
Iron Skillet,Best fish I've ever had in my life!,5
Sunset Terrace,(The bathroom is just next door and very nice.),5
The Corner Bistro,The buffet is small and all the food they offered was BLAND.,1
Maple & Vine,This is an Outstanding little restaurant with some of the Best Food I have ever tasted.,5
Riverside Grill,Pretty cool I would say.,5
Oak & Ember,Definitely a turn off for me & i doubt I'll be back unless someone else is buying.,1
Harbor House,Server did a great job handling our large rowdy table.,5
Blue Willow,"I find wasting food to be despicable, but this just wasn't food.",1
Cedar & Salt,My wife had the Lobster Bisque soup which was lukewarm.,1
The Garden Fork,Would come back again if I had a sushi craving while in Vegas.,5
Iron Skillet,"The staff are great, the ambiance is great.",5
Sunset Terrace,He deserves 5 stars.,5
The Corner Bistro,I left with a stomach ache and felt sick the rest of the day.,1
Maple & Vine,They dropped more than the ball.,1
Riverside Grill,"The dining space is tiny, but elegantly decorated and comfortable.",5
Oak & Ember,"They will customize your order any way you'd like, my usual is Eggplant with Green Bean stir fry, love it!",5
Harbor House,And the beans and rice were mediocre at best.,1
Blue Willow,Best tacos in town by far!!,5
Cedar & Salt,I took back my money and got outta there.,1
The Garden Fork,"In an interesting part of town, this place is amazing.",5
Iron Skillet,RUDE & INCONSIDERATE MANAGEMENT.,1
Sunset Terrace,"The staff are now not as friendly, the wait times for being served are horrible, no one even says hi for the first 10 minutes.",1
The Corner Bistro,I won't be back.,1
Maple & Vine,They have great dinners.,5
Riverside Grill,The service was outshining & I definitely recommend the Halibut.,5
Oak & Ember,The food was terrible.,1
Harbor House,WILL NEVER EVER GO BACK AND HAVE TOLD MANY PEOPLE WHAT HAD HAPPENED.,1
Blue Willow,I don't recommend unless your car breaks down in front of it and you are starving.,1
Cedar & Salt,I will come back here every time I'm in Vegas.,5
The Garden Fork,This place deserves one star and 90% has to do with the food.,1
Iron Skillet,This is a disgrace.,1
Sunset Terrace,Def coming back to bowl next time,5
The Corner Bistro,"If you want healthy authentic or ethic food, try this place.",5
Maple & Vine,I will continue to come here on ladies night andddd date night ... highly recommend this place to anyone who is in the area.,5
Riverside Grill,"I have been here several times in the past, and the experience has always been great.",5
Oak & Ember,We walked away stuffed and happy about our first Vegas buffet experience.,5
Harbor House,Service was excellent and prices are pretty reasonable considering this is Vegas and located inside the Crystals shopping mall by Aria.,5
Blue Willow,"To summarize... the food was incredible, nay, transcendant... but nothing brings me joy quite like the memory of the pneumatic condiment dispenser.",5
Cedar & Salt,I'm probably one of the few people to ever go to Ians and not like it.,1
The Garden Fork,Kids pizza is always a hit too with lots of great side dish options for the kiddos!,5
Iron Skillet,Service is perfect and the family atmosphere is nice to see.,5
Sunset Terrace,Cooked to perfection and the service was impeccable.,5
The Corner Bistro,This one is simply a disappointment.,1
Maple & Vine,"Overall, I was very disappointed with the quality of food at Bouchon.",1
Riverside Grill,I don't have to be an accountant to know I'm getting screwed!,1
Oak & Ember,"Great place to eat, reminds me of the little mom and pop shops in the San Francisco Bay Area.",5
Harbor House,Today was my first taste of a Buldogis Gourmet Hot Dog and I have to tell you it was more than I ever thought possible.,5
Blue Willow,Left very frustrated.,1
Cedar & Salt,I'll definitely be in soon again.,5
The Garden Fork,Food was really good and I got full petty fast.,5
Iron Skillet,Service was fantastic.,5
Sunset Terrace,TOTAL WASTE OF TIME.,1
The Corner Bistro,I don't know what kind it is but they have the best iced tea.,5
Maple & Vine,"Come hungry, leave happy and stuffed!",5
Riverside Grill,"For service, I give them no stars.",1
Oak & Ember,I can assure you that you won't be disappointed.,5
Harbor House,I can take a little bad service but the food sucks.,1
Blue Willow,Gave up trying to eat any of the crust (teeth still sore).,1
Cedar & Salt,But now I was completely grossed out.,1
The Garden Fork,I really enjoyed eating here.,5
Iron Skillet,First time going but I think I will quickly become a regular.,5
Sunset Terrace,"Our server was very nice, and even though he looked a little overwhelmed with all of our needs, he stayed professional and friendly until the end.",5
The Corner Bistro,From what my dinner companions told me...everything was very fresh with nice texture and taste.,5
Maple & Vine,"On the ground, right next to our table was a large, smeared, been-stepped-in-and-tracked-everywhere pile of green bird poop.",1
Riverside Grill,"Furthermore, you can't even find hours of operation on the website!",1
Oak & Ember,We've tried to like this place but after 10+ times I think we're done with them.,1
Harbor House,What a mistake that was!,1
Blue Willow,No complaints!,5
Cedar & Salt,This is some seriously good pizza and I'm an expert/connisseur on the topic.,5
The Garden Fork,Waiter was a jerk.,1
Iron Skillet,"Strike 2, who wants to be rushed.",1
Sunset Terrace,These are the nicest restaurant owners I've ever come across.,5
The Corner Bistro,I never come again.,1
Maple & Vine,We loved the biscuits!!!,5
Riverside Grill,Service is quick and friendly.,5
Oak & Ember,Ordered an appetizer and took 40 minutes and then the pizza another 10 minutes.,1
Harbor House,So absolutley fantastic.,5
Blue Willow,It was a huge awkward 1.5lb piece of cow that was 3/4ths gristle and fat.,1
Cedar & Salt,definitely will come back here again.,5
The Garden Fork,I like Steiners because it's dark and it feels like a bar.,5
Iron Skillet,Wow very spicy but delicious.,5
Sunset Terrace,"If you're not familiar, check it out.",5
The Corner Bistro,I'll take my business dinner dollars elsewhere.,1
Maple & Vine,I'd love to go back.,5
Riverside Grill,"Anyway, this FS restaurant has a wonderful breakfast/lunch.",5
Oak & Ember,Nothing special.,1
Harbor House,Each day of the week they have a different deal and it's all so delicious!,5
Blue Willow,"Not to mention the combination of pears, almonds and bacon is a big winner!",5
Cedar & Salt,Will not be back.,1
The Garden Fork,Sauce was tasteless.,1
Iron Skillet,"The food is delicious and just spicy enough, so be sure to ask for spicier if you prefer it that way.",5
Sunset Terrace,My ribeye steak was cooked perfectly and had great mesquite flavor.,5
The Corner Bistro,I don't think we'll be going back anytime soon.,1
Maple & Vine,Food was so gooodd.,5
Riverside Grill,I am far from a sushi connoisseur but I can definitely tell the difference between good food and bad food and this was certainly bad food.,1
Oak & Ember,I was so insulted.,1
Harbor House,The last 3 times I had lunch here has been bad.,1
Blue Willow,The chicken wings contained the driest chicken meat I have ever eaten.,1
Cedar & Salt,"The food was very good and I enjoyed every mouthful, an enjoyable relaxed venue for couples small family groups etc.",5
The Garden Fork,Nargile - I think you are great.,5
Iron Skillet,Best tater tots in the southwest.,5
Sunset Terrace,We loved the place.,5
The Corner Bistro,Definitely not worth the $3 I paid.,1
Maple & Vine,The vanilla ice cream was creamy and smooth while the profiterole (choux) pastry was fresh enough.,5
Riverside Grill,Im in AZ all the time and now have my new spot.,5
Oak & Ember,The manager was the worst.,1
Harbor House,The inside is really quite nice and very clean.,5
Blue Willow,The food was outstanding and the prices were very reasonable.,5
Cedar & Salt,I don't think I'll be running back to Carly's anytime soon for food.,1
The Garden Fork,"This is was due to the fact that it took 20 minutes to be acknowledged, then another 35 minutes to get our food...and they kept forgetting things.",1
Iron Skillet,"Love the margaritas, too!",5
Sunset Terrace,This was my first and only Vegas buffet and it did not disappoint.,5
The Corner Bistro,"Very good, though!",5
Maple & Vine,The one down note is the ventilation could use some upgrading.,1
Riverside Grill,Great pork sandwich.,5
Oak & Ember,Don't waste your time here.,1
Harbor House,"Total letdown, I would much rather just go to the Camelback Flower Shop and Cartel Coffee.",1
Blue Willow,"Third, the cheese on my friend's burger was cold.",1
Cedar & Salt,We enjoy their pizza and brunch.,5
The Garden Fork,The steaks are all well trimmed and also perfectly cooked.,5
Iron Skillet,We had a group of 70+ when we claimed we would only have 40 and they handled us beautifully.,5
Sunset Terrace,I LOVED it!,5
The Corner Bistro,We asked for the bill to leave without eating and they didn't bring that either.,1
Maple & Vine,"This place is a jewel in Las Vegas, and exactly what I've been hoping to find in nearly ten years living here.",5
Riverside Grill,Seafood was limited to boiled shrimp and crab legs but the crab legs definitely did not taste fresh.,1
Oak & Ember,The selection of food was not the best.,1
Harbor House,Delicious and I will absolutely be back!,5
Blue Willow,"This isn't a small family restaurant, this is a fine dining establishment.",5
Cedar & Salt,They had a toro tartare with a cavier that was extraordinary and I liked the thinly sliced wagyu with white truffle.,5
The Garden Fork,I dont think I will be back for a very long time.,1
Iron Skillet,"It was attached to a gas station, and that is rarely a good sign.",1
Sunset Terrace,How awesome is that.,5
The Corner Bistro,I will be back many times soon.,5
Maple & Vine,The menu had so much good stuff on it i could not decide!,5
Riverside Grill,"Worse of all, he humiliated his worker right in front of me..Bunch of horrible name callings.",1
Oak & Ember,CONCLUSION: Very filling meals.,5
Harbor House,Their daily specials are always a hit with my group.,5
Blue Willow,And then tragedy struck.,1
Cedar & Salt,The pancake was also really good and pretty large at that.,5
The Garden Fork,"This was my first crawfish experience, and it was delicious!",5
Iron Skillet,Their monster chicken fried steak and eggs is my all time favorite.,5
Sunset Terrace,Waitress was sweet and funny.,5
The Corner Bistro,"I also had to taste my Mom's multi-grain pumpkin pancakes with pecan butter and they were amazing, fluffy, and delicious!",5
Maple & Vine,"I'd rather eat airline food, seriously.",1
Riverside Grill,Cant say enough good things about this place.,5
Oak & Ember,The ambiance was incredible.,5
Harbor House,The waitress and manager are so friendly.,5
Blue Willow,I would not recommend this place.,1
Cedar & Salt,Overall I wasn't very impressed with Noca.,1
The Garden Fork,My gyro was basically lettuce only.,1
Iron Skillet,Terrible service!,1
Sunset Terrace,Thoroughly disappointed!,1
The Corner Bistro,"I don't each much pasta, but I love the homemade /hand made pastas and thin pizzas here.",5
Maple & Vine,"Give it a try, you will be happy you did.",5
Riverside Grill,By far the BEST cheesecurds we have ever had!,5
Oak & Ember,Reasonably priced also!,5
Harbor House,Everything was perfect the night we were in.,5
Blue Willow,The food is very good for your typical bar food.,5
Cedar & Salt,it was a drive to get there.,1
The Garden Fork,"At first glance it is a lovely bakery cafe - nice ambiance, clean, friendly staff.",5
Iron Skillet,"Anyway, I do not think i will go back there.",1
Sunset Terrace,"Point your finger at any item on the menu, order it and you won't be disappointed.",5
The Corner Bistro,"Oh this is such a thing of beauty, this restaurant.",5
Maple & Vine,If you haven't gone here GO NOW!,5
Riverside Grill,"A greasy, unhealthy meal.",1
Oak & Ember,first time there and might just be the last.,1
Harbor House,Those burgers were amazing.,5
Blue Willow,"Similarly, the delivery man did not say a word of apology when our food was 45 minutes late.",1
Cedar & Salt,And it was way to expensive.,1
The Garden Fork,"Be sure to order dessert, even if you need to pack it to-go - the tiramisu and cannoli are both to die for.",5
Iron Skillet,This was my first time and I can't wait until the next.,5
Sunset Terrace,The bartender was also nice.,5
The Corner Bistro,Everything was good and tasty!,5
Maple & Vine,This place is two thumbs up....way up.,5
Riverside Grill,"The best place in Vegas for breakfast (just check out a Sat, or Sun.",5
Oak & Ember,"If you love authentic Mexican food and want a whole bunch of interesting, yet delicious meats to choose from, you need to try this place.",5
Harbor House,Terrible management.,1
Blue Willow,An excellent new restaurant by an experienced Frenchman.,5
Cedar & Salt,If there were zero stars I would give it zero stars.,1
The Garden Fork,"Great steak, great sides, great wine, amazing desserts.",5
Iron Skillet,Worst martini ever!,1
Sunset Terrace,The steak and the shrimp are in my opinion the best entrees at GC.,5
The Corner Bistro,I had the opportunity today to sample your amazing pizzas!,5
Maple & Vine,We waited for thirty minutes to be seated (although there were 8 vacant tables and we were the only folks waiting).,1
Riverside Grill,The yellowtail carpaccio was melt in your mouth fresh.,5
Oak & Ember,I won't try going back there even if it's empty.,1
Harbor House,"No, I'm going to eat the potato that I found some strangers hair in it.",1
Blue Willow,Just spicy enough.. Perfect actually.,5
Cedar & Salt,Last night was my second time dining here and I was so happy I decided to go back!,5
The Garden Fork,"not even a ""hello, we will be right with you.""",1
Iron Skillet,The desserts were a bit strange.,1
Sunset Terrace,My boyfriend and I came here for the first time on a recent trip to Vegas and could not have been more pleased with the quality of food and service.,5
The Corner Bistro,"I really do recommend this place, you can go wrong with this donut place!",5
Maple & Vine,Nice ambiance.,5
Riverside Grill,I would recommend saving room for this!,5
Oak & Ember,I guess maybe we went on an off night but it was disgraceful.,1
Harbor House,"However, my recent experience at this particular location was not so good.",1
Blue Willow,"I know this is not like the other restaurants at all, something is very off here!",1
Cedar & Salt,AVOID THIS ESTABLISHMENT!,1
The Garden Fork,I think this restaurant suffers from not trying hard enough.,1
Iron Skillet,All of the tapas dishes were delicious!,5
Sunset Terrace,I *heart* this place.,5
The Corner Bistro,My salad had a bland vinegrette on the baby greens and hearts of Palm.,1
Maple & Vine,After two I felt disgusting.,1
Riverside Grill,A good time!,5
Oak & Ember,I believe that this place is a great stop for those with a huge belly and hankering for sushi.,5
Harbor House,Generous portions and great taste.,5
Blue Willow,I will never go back to this place and will never ever recommended this place to anyone!,1
Cedar & Salt,"The servers went back and forth several times, not even so much as an ""Are you being helped?""",1
The Garden Fork,Food was delicious!,5
Iron Skillet,AN HOUR... seriously?,1
Sunset Terrace,I consider this theft.,1
The Corner Bistro,Eew... This location needs a complete overhaul.,1
Maple & Vine,We recently witnessed her poor quality of management towards other guests as well.,1
Riverside Grill,Waited and waited and waited.,1
Oak & Ember,"He also came back to check on us regularly, excellent service.",5
Harbor House,Our server was super nice and checked on us many times.,5
Blue Willow,"The pizza tasted old, super chewy in not a good way.",1
Cedar & Salt,I swung in to give them a try but was deeply disappointed.,1
The Garden Fork,Service was good and the company was better!,5
Iron Skillet,The staff are also very friendly and efficient.,5
Sunset Terrace,"As for the service: I'm a fan, because it's quick and you're being served by some nice folks.",5
The Corner Bistro,Boy was that sucker dry!!.,1
Maple & Vine,Over rated.,1
Riverside Grill,"If you look for authentic Thai food, go else where.",1
Oak & Ember,Their steaks are 100% recommended!,5
Harbor House,After I pulled up my car I waited for another 15 minutes before being acknowledged.,1
Blue Willow,Great food and great service in a clean and friendly setting.,5
Cedar & Salt,"All in all, I can assure you I'll be back.",5
The Garden Fork,I hate those things as much as cheap quality black olives.,1
Iron Skillet,"My breakfast was perpared great, with a beautiful presentation of 3 giant slices of Toast, lightly dusted with powdered sugar.",5
Sunset Terrace,The kids play area is NASTY!,1
The Corner Bistro,Great place fo take out or eat in.,5
Maple & Vine,The waitress was friendly and happy to accomodate for vegan/veggie options.,5
Riverside Grill,OMG I felt like I had never eaten Thai food until this dish.,5
Oak & Ember,"It was extremely ""crumby"" and pretty tasteless.",1
Harbor House,It was a pale color instead of nice and char and has NO flavor.,1
Blue Willow,The croutons also taste homemade which is an extra plus.,5
Cedar & Salt,I got home to see the driest damn wings ever!,1
The Garden Fork,It'll be a regular stop on my trips to Phoenix!,5
Iron Skillet,I really enjoyed Crema Café before they expanded. I even told friends they had the BEST breakfast.,5
Sunset Terrace,Not good for the money.,1
The Corner Bistro,I miss it and wish they had one in Philadelphia!,5
Maple & Vine,"We got sitting fairly fast, but, ended up waiting 40 minutes just to place our order, another 30 minutes before the food arrived.",1
Riverside Grill,They also have the best cheese crisp in town.,5
Oak & Ember,"Good value, great food, great service.",5
Harbor House,Couldn't ask for a more satisfying meal.,5
Blue Willow,The food is good.,5
Cedar & Salt,It was awesome.,5
The Garden Fork,I just wanted to leave.,1
Iron Skillet,We made the drive all the way from North Scottsdale... and I was not one bit disappointed!,5
Sunset Terrace,I will not be eating there again.,1
The Corner Bistro,!....THE OWNERS REALLY REALLY need to quit being soooooo cheap let them wrap my freaking sandwich in two papers not one!,1
Maple & Vine,I checked out this place a couple years ago and was not impressed.,1
Riverside Grill,"The chicken I got was definitely reheated and was only ok, the wedges were cold and soggy.",1
Oak & Ember,"Sorry, I will not be getting food from here anytime soon :(",1
Harbor House,An absolute must visit!,5
Blue Willow,The cow tongue and cheek tacos are amazing.,5
Cedar & Salt,My friend did not like his Bloody Mary.,1
The Garden Fork,"Despite how hard I rate businesses, its actually rare for me to give a 1 star.",1
Iron Skillet,They really want to make your experience a good one.,5
Sunset Terrace,I will not return.,1
The Corner Bistro,I had the chicken Pho and it tasted very bland.,1
Maple & Vine,Very disappointing!!!,1
Riverside Grill,The grilled chicken was so tender and yellow from the saffron seasoning.,5
Oak & Ember,"a drive thru means you do not want to wait around for half an hour for your food, but somehow when we end up going here they make us wait and wait.",1
Harbor House,Pretty awesome place.,5
Blue Willow,Ambience is perfect.,5
Cedar & Salt,Best of luck to the rude and non-customer service focused new management.,1
The Garden Fork,Any grandmother can make a roasted chicken better than this one.,1
Iron Skillet,I asked multiple times for the wine list and after some time of being ignored I went to the hostess and got one myself.,1
Sunset Terrace,"The staff is always super friendly and helpful, which is especially cool when you bring two small boys and a baby!",5
The Corner Bistro,Four stars for the food & the guy in the blue shirt for his great vibe & still letting us in to eat !,5
Maple & Vine,The roast beef sandwich tasted really good!,5
Riverside Grill,"Same evening, him and I are both drastically sick.",1
Oak & Ember,High-quality chicken on the chicken Caesar salad.,5
Harbor House,Ordered burger rare came in we'll done.,1
Blue Willow,We were promptly greeted and seated.,5
Cedar & Salt,Tried to go here for lunch and it was a madhouse.,1
The Garden Fork,"I was proven dead wrong by this sushi bar, not only because the quality is great, but the service is fast and the food, impeccable.",5
Iron Skillet,"After waiting an hour and being seated, I was not in the greatest of moods.",1
Sunset Terrace,This is a good joint.,5
The Corner Bistro,The Macarons here are insanely good.,5
Maple & Vine,I'm not eating here!,1
Riverside Grill,"Our waiter was very attentive, friendly, and informative.",5
Oak & Ember,Maybe if they weren't cold they would have been somewhat edible.,1
Harbor House,This place has a lot of promise but fails to deliver.,1
Blue Willow,Very bad Experience!,1
Cedar & Salt,What a mistake.,1
The Garden Fork,Food was average at best.,1
Iron Skillet,Great food.,5
Sunset Terrace,We won't be going back anytime soon!,1
The Corner Bistro,Very Very Disappointed ordered the $35 Big Bay Plater.,1
Maple & Vine,Great place to relax and have an awesome burger and beer.,5
Riverside Grill,It is PERFECT for a sit-down family meal or get together with a few friends.,5
Oak & Ember,"Not much flavor to them, and very poorly constructed.",1
Harbor House,The patio seating was very comfortable.,5
Blue Willow,The fried rice was dry as well.,1
Cedar & Salt,Hands down my favorite Italian restaurant!,5
The Garden Fork,"That just SCREAMS ""LEGIT"" in my book...somethat's also pretty rare here in Vegas.",5
Iron Skillet,It was just not a fun experience.,5
Sunset Terrace,The atmosphere was great with a lovely duo of violinists playing songs we requested.,5
The Corner Bistro,"I personally love the hummus, pita, baklava, falafels and Baba Ganoush (it's amazing what they do with eggplant!).",5
Maple & Vine,"Very convenient, since we were staying at the MGM!",5
Riverside Grill,The owners are super friendly and the staff is courteous.,5
Oak & Ember,Both great!,5
Harbor House,Eclectic selection.,5
Blue Willow,The sweet potato tots were good but the onion rings were perfection or as close as I have had.,5
Cedar & Salt,The staff was very attentive.,5
The Garden Fork,And the chef was generous with his time (even came around twice so we can take pictures with him).,5
Iron Skillet,"The owner used to work at Nobu, so this place is really similar for half the price.",5
Sunset Terrace,Google mediocre and I imagine Smashburger will pop up.,1
The Corner Bistro,dont go here.,1
Maple & Vine,I promise they won't disappoint.,5
Riverside Grill,As a sushi lover avoid this place by all means.,1
Oak & Ember,What a great double cheeseburger!,5
Harbor House,Awesome service and food.,5
Blue Willow,A fantastic neighborhood gem !!!,5
Cedar & Salt,I can't wait to go back.,5
The Garden Fork,The plantains were the worst I've ever tasted.,1
Iron Skillet,It's a great place and I highly recommend it.,5
Sunset Terrace,Service was slow and not attentive.,1
The Corner Bistro,"I gave it 5 stars then, and I'm giving it 5 stars now.",5
Maple & Vine,Your staff spends more time talking to themselves than me.,1
Riverside Grill,Dessert: Panna Cotta was amazing.,5
Oak & Ember,"Very good food, great atmosphere.1",5
Harbor House,Damn good steak.,5
Blue Willow,Total brunch fail.,1
Cedar & Salt,"Prices are very reasonable, flavors are spot on, the sauce is home made, and the slaw is not drenched in mayo.",5
The Garden Fork,"The decor is nice, and the piano music soundtrack is pleasant.",5
Iron Skillet,The steak was amazing...rge fillet relleno was the best seafood plate i have ever had!,5
Sunset Terrace,"Good food , good service .",5
The Corner Bistro,It was absolutely amazing.,5
Maple & Vine,"I probably won't be back, to be honest.",1
Riverside Grill,will definitely be back!,5
Oak & Ember,The sergeant pepper beef sandwich with auju sauce is an excellent sandwich as well.,5
Harbor House,"Hawaiian Breeze, Mango Magic, and Pineapple Delight are the smoothies that I've tried so far and they're all good.",5
Blue Willow,Went for lunch - service was slow.,1
Cedar & Salt,"We had so much to say about the place before we walked in that he expected it to be amazing, but was quickly disappointed.",1
The Garden Fork,I was mortified.,1
Iron Skillet,"Needless to say, we will never be back here again.",1
Sunset Terrace,"Anyways, The food was definitely not filling at all, and for the price you pay you should expect more.",1
The Corner Bistro,"The chips that came out were dripping with grease, and mostly not edible.",1
Maple & Vine,I wasn't really impressed with Strip Steak.,1
Riverside Grill,Have been going since 2007 and every meal has been awesome!!,5
Oak & Ember,Our server was very nice and attentive as were the other serving staff.,5
Harbor House,The cashier was friendly and even brought the food out to me.,5
Blue Willow,I work in the hospitality industry in Paradise Valley and have refrained from recommending Cibo any longer.,1
Cedar & Salt,The atmosphere here is fun.,5
The Garden Fork,Would not recommend to others.,1
Iron Skillet,"Service is quick and even ""to go"" orders are just like we like it!",5
Sunset Terrace,"I mean really, how do you get so famous for your fish and chips when it's so terrible!?!",1
The Corner Bistro,"That said, our mouths and bellies were still quite pleased.",5
Maple & Vine,Not my thing.,1
Riverside Grill,2 Thumbs Up!!,5
Oak & Ember,If you are reading this please don't go there.,1
Harbor House,"I loved the grilled pizza, reminded me of legit Italian pizza.",5
Blue Willow,Only Pros : Large seating area/ Nice bar area/ Great simple drink menu/ The BEST brick oven pizza with homemade dough!,5
Cedar & Salt,They have a really nice atmosphere.,5
The Garden Fork,Tonight I had the Elk Filet special...and it sucked.,1
Iron Skillet,"After one bite, I was hooked.",5
Sunset Terrace,We ordered some old classics and some new dishes after going there a few times and were sorely disappointed with everything.,1
The Corner Bistro,"Cute, quaint, simple, honest.",5
Maple & Vine,The chicken was deliciously seasoned and had the perfect fry on the outside and moist chicken on the inside.,5
Riverside Grill,"The food was great as always, compliments to the chef.",5
Oak & Ember,Special thanks to Dylan T. for the recommendation on what to order :) All yummy for my tummy.,5
Harbor House,Awesome selection of beer.,5
Blue Willow,Great food and awesome service!,5
Cedar & Salt,"One nice thing was that they added gratuity on the bill since our party was larger than 6 or 8, and they didn't expect more tip than that.",5
The Garden Fork,A FLY was in my apple juice.. A FLY!!!!!!!!,1
Iron Skillet,The Han Nan Chicken was also very tasty.,5
Sunset Terrace,"As for the service, I thought it was good.",5
The Corner Bistro,"The food was barely lukewarm, so it must have been sitting waiting for the server to bring it out to us.",1
Maple & Vine,Ryan's Bar is definitely one Edinburgh establishment I won't be revisiting.,1
Riverside Grill,Nicest Chinese restaurant I've been in a while.,5
Oak & Ember,"Overall, I like there food and the service.",5
Harbor House,They also now serve Indian naan bread with hummus and some spicy pine nut sauce that was out of this world.,5
Blue Willow,"Probably never coming back, and wouldn't recommend it.",1
Cedar & Salt,"Friend's pasta -- also bad, he barely touched it.",1
The Garden Fork,"Try them in the airport to experience some tasty food and speedy, friendly service.",5
Iron Skillet,I love the decor with the Chinese calligraphy wall paper.,5
Sunset Terrace,Never had anything to complain about here.,5
The Corner Bistro,The restaurant is very clean and has a family restaurant feel to it.,5
Maple & Vine,It was way over fried.,1
Riverside Grill,I'm not sure how long we stood there but it was long enough for me to begin to feel awkwardly out of place.,1
Oak & Ember,"When I opened the sandwich, I was impressed, but not in a good way.",1
Harbor House,Will not be back!,1
Blue Willow,There was a warm feeling with the service and I felt like their guest for a special treat.,5
Cedar & Salt,An extensive menu provides lots of options for breakfast.,5
The Garden Fork,"I always order from the vegetarian menu during dinner, which has a wide array of options to choose from.",5
Iron Skillet,"I have watched their prices inflate, portions get smaller and management attitudes grow rapidly!",1
Sunset Terrace,Wonderful lil tapas and the ambience made me feel all warm and fuzzy inside.,5
The Corner Bistro,"I got to enjoy the seafood salad, with a fabulous vinegrette.",5
Maple & Vine,"The wontons were thin, not thick and chewy, almost melt in your mouth.",5
Riverside Grill,"Level 5 spicy was perfect, where spice didn't over-whelm the soup.",5
Oak & Ember,We were sat right on time and our server from the get go was FANTASTIC!,5
Harbor House,"Main thing I didn't enjoy is that the crowd is of older crowd, around mid 30s and up.",1
Blue Willow,"When I'm on this side of town, this will definitely be a spot I'll hit up again!",5
Cedar & Salt,I had to wait over 30 minutes to get my drink and longer to get 2 arepas.,1
The Garden Fork,This is a GREAT place to eat!,5
Iron Skillet,The jalapeno bacon is soooo good.,5
Sunset Terrace,The service was poor and thats being nice.,1
The Corner Bistro,"Food was good, service was good, Prices were good.",5
Maple & Vine,The place was not clean and the food oh so stale!,1
Riverside Grill,"The chicken dishes are OK, the beef is like shoe leather.",1
Oak & Ember,But the service was beyond bad.,1
Harbor House,"I'm so happy to be here!!!""",5
Blue Willow,Tasted like dirt.,1
Cedar & Salt,One of the few places in Phoenix that I would definately go back to again .,5
The Garden Fork,The block was amazing.,5
Iron Skillet,"It's close to my house, it's low-key, non-fancy, affordable prices, good food.",5
Sunset Terrace,* Both the Hot & Sour & the Egg Flower Soups were absolutely 5 Stars!,5
The Corner Bistro,My sashimi was poor quality being soggy and tasteless.,1
Maple & Vine,Great time - family dinner on a Sunday night.,5
Riverside Grill,"the food is not tasty at all, not to say its ""real traditional Hunan style"".",1
Oak & Ember,"What did bother me, was the slow service.",1
Harbor House,The flair bartenders are absolutely amazing!,5
Blue Willow,Their frozen margaritas are WAY too sugary for my taste.,1
Cedar & Salt,These were so good we ordered them twice.,5
The Garden Fork,So in a nutshell: 1) The restaraunt smells like a combination of a dirty fish market and a sewer.,1
Iron Skillet,My girlfriend's veal was very bad.,1
Sunset Terrace,"Unfortunately, it was not good.",1
The Corner Bistro,I had a pretty satifying experience.,5
Maple & Vine,Join the club and get awesome offers via email.,5
Riverside Grill,"Perfect for someone (me) who only likes beer ice cold, or in this case, even colder.",5
Oak & Ember,Bland and flavorless is a good way of describing the barely tepid meat.,1
Harbor House,"The chains, which I'm no fan of, beat this place easily.",1
Blue Willow,The nachos are a MUST HAVE!,5
Cedar & Salt,We will not be coming back.,1
The Garden Fork,"I don't have very many words to say about this place, but it does everything pretty well.",5
Iron Skillet,"The staff is super nice and very quick even with the crazy crowds of the downtown juries, lawyers, and court staff.",5
Sunset Terrace,"Great atmosphere, friendly and fast service.",5
The Corner Bistro,When I received my Pita it was huge it did have a lot of meat in it so thumbs up there.,5
Maple & Vine,Once your food arrives it's meh.,1
Riverside Grill,Paying $7.85 for a hot dog and fries that looks like it came out of a kid's meal at the Wienerschnitzel is not my idea of a good meal.,1
Oak & Ember,The classic Maine Lobster Roll was fantastic.,5
Harbor House,"My brother in law who works at the mall ate here same day, and guess what he was sick all night too.",1
Blue Willow,So good I am going to have to review this place twice - once hereas a tribute to the place and once as a tribute to an event held here last night.,5
Cedar & Salt,"The chips and salsa were really good, the salsa was very fresh.",5
The Garden Fork,This place is great!!!!!!!!!!!!!!,5
Iron Skillet,Mediocre food.,1
Sunset Terrace,Once you get inside you'll be impressed with the place.,5
The Corner Bistro,I'm super pissd.,1
Maple & Vine,And service was super friendly.,5
Riverside Grill,Why are these sad little vegetables so overcooked?,1
Oak & Ember,This place was such a nice surprise!,5
Harbor House,They were golden-crispy and delicious.,5
Blue Willow,"I had high hopes for this place since the burgers are cooked over a charcoal grill, but unfortunately the taste fell flat, way flat.",1
Cedar & Salt,I could eat their bruschetta all day it is devine.,5
The Garden Fork,Not a single employee came out to see if we were OK or even needed a water refill once they finally served us our food.,1
Iron Skillet,"Lastly, the mozzarella sticks, they were the best thing we ordered.",5
Sunset Terrace,"The first time I ever came here I had an amazing experience, I still tell people how awesome the duck was.",5
The Corner Bistro,The server was very negligent of our needs and made us feel very unwelcome... I would not suggest this place!,1
Maple & Vine,The service was terrible though.,1
Riverside Grill,"This place is overpriced, not consistent with their boba, and it really is OVERPRICED!",1
Oak & Ember,It was packed!!,1
Harbor House,I love this place.,5
Blue Willow,I can say that the desserts were yummy.,5
Cedar & Salt,The food was terrible.,1
The Garden Fork,The seasonal fruit was fresh white peach puree.,5
Iron Skillet,It kept getting worse and worse so now I'm officially done.,1
Sunset Terrace,This place should honestly be blown up.,1
The Corner Bistro,But I definitely would not eat here again.,1
Maple & Vine,Do not waste your money here!,1
Riverside Grill,I love that they put their food in nice plastic containers as opposed to cramming it in little paper takeout boxes.,5
Oak & Ember,The crêpe was delicate and thin and moist.,5
Harbor House,Awful service.,1
Blue Willow,Won't ever go here again.,1
Cedar & Salt,Food quality has been horrible.,1
The Garden Fork,For that price I can think of a few place I would have much rather gone.,1
Iron Skillet,The service here is fair at best.,1
Sunset Terrace,"I do love sushi, but I found Kabuki to be over-priced, over-hip and under-services.",1
The Corner Bistro,Do yourself a favor and stay away from this dish.,1
Maple & Vine,Very poor service.,1
Riverside Grill,No one at the table thought the food was above average or worth the wait that we had for it.,1
Oak & Ember,"Best service and food ever, Maria our server was so good and friendly she made our day.",5
Harbor House,They were excellent.,5
Blue Willow,I paid the bill but did not tip because I felt the server did a terrible job.,1
Cedar & Salt,Just had lunch here and had a great experience.,5
The Garden Fork,I have never had such bland food which surprised me considering the article we read focused so much on their spices and flavor.,1
Iron Skillet,Food is way overpriced and portions are fucking small.,1
Sunset Terrace,I recently tried Caballero's and I have been back every week since!,5
The Corner Bistro,"for 40 bucks a head, i really expect better food.",1
Maple & Vine,The food came out at a good pace.,5
Riverside Grill,"I ate there twice on my last visit, and especially enjoyed the salmon salad.",5
Oak & Ember,I won't be back.,1
Harbor House,We could not believe how dirty the oysters were!,1
Blue Willow,This place deserves no stars.,1
Cedar & Salt,I would not recommend this place.,1
The Garden Fork,"In fact I'm going to round up to 4 stars, just because she was so awesome.",5
Iron Skillet,"To my disbelief, each dish qualified as the worst version of these foods I have ever tasted.",1
Sunset Terrace,"Bad day or not, I have a very low tolerance for rude customer service people, it is your job to be nice and polite, wash dishes otherwise!!",1
The Corner Bistro,the potatoes were great and so was the biscuit.,5
Maple & Vine,I probably would not go here again.,1
Riverside Grill,So flavorful and has just the perfect amount of heat.,5
Oak & Ember,The price is reasonable and the service is great.,5
Harbor House,"The Wife hated her meal (coconut shrimp), and our friends really did not enjoy their meals, either.",1
Blue Willow,My fella got the huevos rancheros and they didn't look too appealing.,1
Cedar & Salt,"Went in for happy hour, great list of wines.",5
The Garden Fork,Some may say this buffet is pricey but I think you get what you pay for and this place you are getting quite a lot!,5
Iron Skillet,I probably won't be coming back here.,1
Sunset Terrace,Worst food/service I've had in a while.,1
The Corner Bistro,"This place is pretty good, nice little vibe in the restaurant.",5
Maple & Vine,Talk about great customer service of course we will be back.,5
Riverside Grill,"Hot dishes are not hot, cold dishes are close to room temp.I watched staff prepare food with BARE HANDS, no gloves.Everything is deep fried in oil.",1
Oak & Ember,I love their fries and their beans.,5
Harbor House,Always a pleasure dealing with him.,5
Blue Willow,"They have a plethora of salads and sandwiches, and everything I've tried gets my seal of approval.",5
Cedar & Salt,This place is awesome if you want something light and healthy during the summer.,5
The Garden Fork,"For sushi on the Strip, this is the place to go.",5
Iron Skillet,"The service was great, even the manager came and helped with our table.",5
Sunset Terrace,The feel of the dining room was more college cooking course than high class dining and the service was slow at best.,1
The Corner Bistro,"I started this review with two stars, but I'm editing it to give it only one.",1
Maple & Vine,this is the worst sushi i have ever eat besides Costco's.,1
Riverside Grill,"All in all an excellent restaurant highlighted by great service, a unique menu, and a beautiful setting.",5
Oak & Ember,My boyfriend and i sat at the bar and had a completely delightful experience.,5
Harbor House,Weird vibe from owners.,1
Blue Willow,There was hardly any meat.,1
Cedar & Salt,I've had better bagels from the grocery store.,1
The Garden Fork,Go To Place for Gyros.,5
Iron Skillet,"I love the owner/chef, his one authentic Japanese cool dude!",5
Sunset Terrace,"Now the burgers aren't as good, the pizza which used to be amazing is doughy and flavorless.",1
The Corner Bistro,I found a six inch long piece of wire in my salsa.,1
Maple & Vine,"The service was terrible, food was mediocre.",1
Riverside Grill,We definately enjoyed ourselves.,5
Oak & Ember,I ordered Albondigas soup - which was just warm - and tasted like tomato soup with frozen meatballs.,1
Harbor House,"On three different occasions I asked for well done or medium well, and all three times I got the bloodiest piece of meat on my plate.",1
Blue Willow,I had about two bites and refused to eat anymore.,1
Cedar & Salt,The service was extremely slow.,1
The Garden Fork,"After 20 minutes wait, I got a table.",1
Iron Skillet,Seriously killer hot chai latte.,5
Sunset Terrace,"No allergy warnings on the menu, and the waitress had absolutely no clue as to which meals did or did not contain peanuts.",1
The Corner Bistro,My boyfriend tried the Mediterranean Chicken Salad and fell in love.,5
Maple & Vine,Their rotating beers on tap is also a highlight of this place.,5
Riverside Grill,Pricing is a bit of a concern at Mellow Mushroom.,1
Oak & Ember,Worst Thai ever.,1
Harbor House,If you stay in Vegas you must get breakfast here at least once.,5
Blue Willow,I want to first say our server was great and we had perfect service.,5
Cedar & Salt,The pizza selections are good.,5
The Garden Fork,"I had strawberry tea, which was good.",5
Iron Skillet,Highly unprofessional and rude to a loyal patron!,1
Sunset Terrace,"Overall, a great experience.",5
The Corner Bistro,Spend your money elsewhere.,1
Maple & Vine,Their regular toasted bread was equally satisfying with the occasional pats of butter... Mmmm...!,5
Riverside Grill,The Buffet at Bellagio was far from what I anticipated.,1
Oak & Ember,"And the drinks are WEAK, people!",1
Harbor House,-My order was not correct.,1
Blue Willow,"Also, I feel like the chips are bought, not made in house.",1
Cedar & Salt,After the disappointing dinner we went elsewhere for dessert.,1
The Garden Fork,The chips and sals a here is amazing!!!!!!!!!!!!!!!!!!!,5
Iron Skillet,We won't be returning.,1
Sunset Terrace,This is my new fav Vegas buffet spot.,5
The Corner Bistro,I seriously cannot believe that the owner has so many unexperienced employees that all are running around like chickens with their heads cut off.,1
Maple & Vine,"Very, very sad.",1
Riverside Grill,"i felt insulted and disrespected, how could you talk and judge another human being like that?",1
Oak & Ember,"How can you call yourself a steakhouse if you can't properly cook a steak, I don't understand!",1
Harbor House,I'm not impressed with the concept or the food.,1
Blue Willow,The only thing I wasn't too crazy about was their guacamole as I don't like it puréed.,1
Cedar & Salt,"There is really nothing for me at postinos, hope your experience is better",1
The Garden Fork,I got food poisoning here at the buffet.,1
Iron Skillet,They brought a fresh batch of fries and I was thinking yay something warm but no!,1
Sunset Terrace,"What SHOULD have been a hilarious, yummy Christmas Eve dinner to remember was the biggest fail of the entire trip for us.",1
The Corner Bistro,"Needless to say, I won't be going back anytime soon.",1
Maple & Vine,This place is disgusting!,1
Riverside Grill,"Every time I eat here, I see caring teamwork to a professional degree.",5
Oak & Ember,The RI style calamari was a joke.,1
Harbor House,"However, there was so much garlic in the fondue, it was barely edible.",1
Blue Willow,"I could barely stomach the meal, but didn't complain because it was a business lunch.",1
Cedar & Salt,"It was so bad, I had lost the heart to finish it.",1
The Garden Fork,It also took her forever to bring us the check when we asked for it.,1
Iron Skillet,We aren't ones to make a scene at restaurants but I just don't get it...definitely lost the love after this one!,1
Sunset Terrace,Disappointing experience.,1
The Corner Bistro,"The food is about on par with Denny's, which is to say, not good at all.",1
Maple & Vine,"If you want to wait for mediocre food and downright terrible service, then this is the place for you.",1
Riverside Grill,WAAAAAAyyyyyyyyyy over rated is all I am saying.,1
Oak & Ember,We won't be going back.,1
Harbor House,The place was fairly clean but the food simply wasn't worth it.,1
Blue Willow,This place lacked style!!,1
Cedar & Salt,"The sangria was about half of a glass wine full and was $12, ridiculous.",1
The Garden Fork,Don't bother coming here.,1
Iron Skillet,"The meat was pretty dry, I had the sliced brisket and pulled pork.",1
Sunset Terrace,"The building itself seems pretty neat, the bathroom is pretty trippy, but I wouldn't eat here again.",1
The Corner Bistro,It was equally awful.,1
Maple & Vine,Probably not in a hurry to go back.,1
Riverside Grill,very slow at seating even with reservation.,1
Oak & Ember,Not good by any stretch of the imagination.,1
Harbor House,The cashew cream sauce was bland and the vegetables were undercooked.,1
Blue Willow,"The chipolte ranch dipping sause was tasteless, seemed thin and watered down with no heat.",1
Cedar & Salt,"It was a bit too sweet, not really spicy enough, and lacked flavor.",1
The Garden Fork,I was VERY disappointed!!,1
Iron Skillet,This place is horrible and way overpriced.,1
Sunset Terrace,"Maybe it's just their Vegetarian fare, but I've been twice and I thought it was average at best.",1
The Corner Bistro,It wasn't busy at all and now we know why.,1
Maple & Vine,The tables outside are also dirty a lot of the time and the workers are not always friendly and helpful with the menu.,1
Riverside Grill,"The ambiance here did not feel like a buffet setting, but more of a douchey indoor garden for tea and biscuits.",1
Oak & Ember,Con: spotty service.,1
Harbor House,"The fries were not hot, and neither was my burger.",1
Blue Willow,But then they came back cold.,1
Cedar & Salt,"Then our food came out, disappointment ensued.",1
The Garden Fork,The real disappointment was our waiter.,1
Iron Skillet,My husband said she was very rude... did not even apologize for the bad food or anything.,1
Sunset Terrace,The only reason to eat here would be to fill up before a night of binge drinking just to get some carbs in your stomach.,1
The Corner Bistro,"Insults, profound deuchebaggery, and had to go outside for a smoke break while serving just to solidify it.",1
Maple & Vine,If someone orders two tacos don't' you think it may be part of customer service to ask if it is combo or ala cart?,1
Riverside Grill,She was quite disappointed although some blame needs to be placed at her door.,1
Oak & Ember,After all the rave reviews I couldn't wait to eat here......what a disappointment!,1
Harbor House,Del Taco is pretty nasty and should be avoided if possible.,1
Blue Willow,It's NOT hard to make a decent hamburger.,1
Cedar & Salt,But I don't like it.,1
The Garden Fork,Hell no will I go back,1
Iron Skillet,We've have gotten a much better service from the pizza place next door than the services we received from this restaurant.,1
Sunset Terrace,"I don't know what the big deal is about this place, but I won't be back ""ya'all"".",1
The Corner Bistro,I immediately said I wanted to talk to the manager but I did not want to talk to the guy who was doing shots of fireball behind the bar.,1
Maple & Vine,The ambiance isn't much better.,1
Riverside Grill,"Unfortunately, it only set us up for disapppointment with our entrees.",1
Oak & Ember,The food wasn't good.,1
Harbor House,"Your servers suck, wait, correction, our server Heimer sucked.",1
Blue Willow,What happened next was pretty....off putting.,1
Cedar & Salt,"too bad cause I know it's family owned, I really wanted to like this place.",1
The Garden Fork,Overpriced for what you are getting.,1
Iron Skillet,I vomited in the bathroom mid lunch.,1
Sunset Terrace,"I kept looking at the time and it had soon become 35 minutes, yet still no food.",1
The Corner Bistro,"I have been to very few places to eat that under no circumstances would I ever return to, and this tops the list.",1
Maple & Vine,We started with the tuna sashimi which was brownish in color and obviously wasn't fresh.,1
Riverside Grill,Food was below average.,1
Oak & Ember,It sure does beat the nachos at the movies but I would expect a little bit more coming from a restaurant.,1
Harbor House,"All in all, Ha Long Bay was a bit of a flop.",1
Blue Willow,The problem I have is that they charge $11.99 for a sandwich that is no bigger than a Subway sub (which offers better and more amount of vegetables).,1
Cedar & Salt,Shrimp- When I unwrapped it (I live only 1/2 a mile from Brushfire) it was literally ice cold.,1
The Garden Fork,"It lacked flavor, seemed undercooked, and dry.",1
Iron Skillet,It really is impressive that the place hasn't closed down.,1
Sunset Terrace,I would avoid this place if you are staying in the Mirage.,1
The Corner Bistro,The refried beans that came with my meal were dried out and crusty and the food was bland.,1
Maple & Vine,Spend your money and time some place else.,1
Riverside Grill,A lady at the table next to us found a live green caterpillar In her salad.,1
Oak & Ember,the presentation of the food was awful.,1
Harbor House,I can't tell you how disappointed I was.,1
Blue Willow,I think food should have flavor and texture and both were lacking.,1
Cedar & Salt,Appetite instantly gone.,1
The Garden Fork,Overall I was not impressed and would not go back.,1
Iron Skillet,"The whole experience was underwhelming, and I think we'll just go to Ninja Sushi next time.",1
Sunset Terrace,"Then, as if I hadn't wasted enough of my life there, they poured salt in the wound by drawing out the time it took to bring the check.",1
